"name","url","ok","status","error"
"92 News HD (720p)","http://92news.vdn.dstreamone.net/92newshd/92hd/playlist.m3u8","True","206",""
"Aaj Entertainment (1080p)","https://ml-pull-dvc-myco.io:2096/AAJ_ENTERTAINMENT/index.m3u8","True","206",""
"Bol Entertainment (1080p)","https://ml-pull-dvc-myco.io:2096/BOL_ENTERTAINMENT/index.m3u8","True","206",""
"Discover Pakistan (1080p)","https://livecdn.live247stream.com/discoverpakistan/web/playlist.m3u8","True","206",""
"Dunya News (INT Feed) (720p) [Not 24/7]","https://imob.dunyanews.tv/livehd/ngrp:dunyalivehd_2_all/playlist.m3u8","True","206",""
"Express Entertainment (1080p)","https://ml-pull-dvc-myco.io:2096/EXPRESS_ENTERTAINMENT/index.m3u8","True","206",""
"KTN News (360p)","https://vodzong.mjunoon.tv:8087/streamtest/KTNNews-151/playlist.m3u8","True","206",""
"Lahore News (720p) [Not 24/7]","https://vcdn.dunyanews.tv/lahorelive/ngrp:lnews_1_all/playlist.m3u8","True","206",""
"Such TV","https://video.primexsports.com/suchnews/live/playlist.m3u8","True","206",""
"BBC Four","https://streamer.nexyl.uk/48559ccd-6400-457d-8acc-06b9e24c2ed8.m3u8","True","200",""
"BBC News (1080p)","https://vs-cmaf-push-ww-live.akamaized.net/x=4/i=urn:bbc:pips:service:bbc_news_channel_hd/iptv_mse_v0_hevc.mpd","True","206",""
"BBC Three HD (720p)","https://streamer.nexyl.uk/39290a19-b8dd-43ea-b8dc-081c37790f24.m3u8","True","200",""
"BBC Two (1080p) [Geo-blocked]","https://rdmedia.api.bbc.co.uk/ll-trial/mpd/bbc_two_england/manifest.mpd","True","200",""
"Bloomberg TV Europe","https://bloomberg.com/media-manifest/streams/eu.m3u8","True","206",""
"CNBC Europe","https://amg01079-nbcuuk-amg01079c1-samsung-es-1261.playouts.now.amagi.tv/playlist/amg01079-nbcuukfast-cnbcpe-samsunges/playlist.m3u8","True","200",""
"CNBC UK","https://amg01079-nbcuuk-amg01079c2-lg-gb-2030.playouts.now.amagi.tv/playlist.m3u8","True","206",""
"CNN Fast (GB) Geo","https://amg00803-cnnfast-amg00803c6-lg-gb-5355.playouts.now.amagi.tv/playlist.m3u8","True","206",""
"GB News","https://live-gbnews.simplestreamcdn.com/live5/gbnews/bitrate1.isml/manifest.m3u8","True","206",""
"GREAT! movies","https://amg01753-narrativeuk-amg01753c3-lg-gb-1833.playouts.now.amagi.tv/playlist/amg01753-narrativeuk-greatmovies-lggb/playlist.m3u8","True","200",""
"GREAT! romance (1080p)","https://amg01753-narrativeuk-amg01753c2-lg-gb-1832.playouts.now.amagi.tv/playlist/amg01753-narrativeuk-greatchristmas-lggb/playlist.m3u8","True","200",""
"Now 70s","https://lightning-now70s-samsungnz.amagi.tv/playlist.m3u8","True","206",""
"Now 80s","https://lightning-now80s-samsunguk.amagi.tv/playlist.m3u8","True","206",""
"S4C","https://live-uk.s4c-cdn.co.uk/out/v1/a0134f1fd5a2461b9422b574566d4442/live_uk.m3u8","True","206",""
"Sky News","https://dbrb49pjoymg4.cloudfront.net/10001/99951223/hls/master.m3u8?ads.xumo_channelId=99951223&ads._fw_ifa_type=[IFA_TYPE]&ads._fw_did=[IFA]&ads.amznappId=[AMZN_APP_ID]&ads.lat=[LAT]&ads.lon=[LON]&ads.os=[OS]&ads.osv=[OS_VERSION]&ads.asnw=&ads.caid=SkyNews&ads.csid=xumo_[PLATFORM]_SkyNews_ssai&ads._fw_is_lat=[IS_LAT]&ads._fw_us_privacy=[CCPA_Value]&ads._fw_coppa=0&ads.genre=News,N,DN,Local,LocalNews,News-Local&ads._fw_content_category=[IAB_content_category]&ads._fw_content_language=[content_language]&ads._fw_content_genre=News,N,DN,Local,LocalNews,News-Local&ads._fw_content_rating=[content_rating]&ads.xumo_contentId=3455&ads.xumo_contentName=SkyNews&ads.xumo_providerId=3455&ads.xumo_providerName=SkyNews&ads._fw_deviceMake=[device_make]&ads._fw_device_model=[device_model]&ads.channelId=99951223&ads.xumo_platform=[PLATFORM]&ads.site_id=[publica_site_id]&ads.appName=xumo&ads.appVersion=[APP_VERSION]&ads._fw_app_bundle=[app_bundle]&ads._fw_app_store_url=[app_store_url]","True","200",""
"TalkTV","https://live-talktv-ssai.simplestreamcdn.com/v1/master/774d979dd66704abea7c5b62cb34c6815fda0d35/talktv-live/index.m3u8","True","206",""
"60 Days In by A&E","https://d2b8jic9gadlvy.cloudfront.net/v1/aenetworks_60daysin_1/samsungheadend_us/latest/main/hls/playlist.m3u8","True","206",""
"A&E Crime 360","https://dbrb49pjoymg4.cloudfront.net/10001/99951471/hls/playlist.m3u8?ads.xumo_channelId=99951471&ads.xumo_streamId=99951471&ads.channelId=99951471&ads.channelName=AECrime360byAE_us&ads.caid=AECrime360byAE&ads.csid=xumo_[PLATFORM]_AECrime360byAE_ssai&ads._fw_coppa=0&ads.xumo_contentId=4317&ads.xumo_contentName=AECrime360byAE&ads.xumo_providerId=4317&ads.xumo_providerName=AECrime360byAE&ads._fw_ifa_type=[IFA_TYPE]&ads._fw_did=[IFA]&ads.amznappId=[AMZN_APP_ID]&ads.lat=[LAT]&ads.lon=[LON]&ads.os=[OS]&ads.osv=[OS_VERSION]&ads._fw_is_lat=[IS_LAT]&ads._fw_us_privacy=[CCPA_Value]&ads.genre=Documentary,Crime,DO,Entertainment,GV,SM&ads._fw_content_category=[IAB_content_category]&ads._fw_content_language=[content_language]&ads._fw_content_genre=Documentary,Crime,DO,Entertainment,GV,SM&ads._fw_content_rating=[content_rating]&ads._fw_deviceMake=[device_make]&ads._fw_device_model=[device_model]&ads.xumo_platform=[PLATFORM]&ads.site_id=[publica_site_id]&ads.appVersion=[APP_VERSION]&ads._fw_app_bundle=[app_bundle]&ads._fw_app_store_url=[app_store_url]&ads.appName=XumoPlay","True","200",""
"ABC News Live","https://dbrb49pjoymg4.cloudfront.net/10001/99951517/hls/master.m3u8?ads.xumo_channelId=99951517&ads.xumo_streamId=99951517&ads.channelId=99951517&ads.channelName=ABC_us&ads.caid=ABC&ads.csid=xumo_[PLATFORM]_ABC_ssai&ads.genre=News,N&ads._fw_content_genre=News,N&ads._fw_coppa=0&ads.xumo_contentId=58&ads.xumo_contentName=ABC&ads.xumo_providerId=58&ads.xumo_providerName=ABC&ads._fw_ifa_type=[IFA_TYPE]&ads._fw_did=[IFA]&ads.amznappId=[AMZN_APP_ID]&ads.lat=[LAT]&ads.lon=[LON]&ads.os=[OS]&ads.osv=[OS_VERSION]&ads._fw_is_lat=[IS_LAT]&ads._fw_us_privacy=[CCPA_Value]&ads._fw_content_category=[IAB_content_category]&ads._fw_content_language=[content_language]&ads._fw_content_rating=[content_rating]&ads._fw_deviceMake=[device_make]&ads._fw_device_model=[device_model]&ads.xumo_platform=[PLATFORM]&ads.site_id=[publica_site_id]&ads.appVersion=[APP_VERSION]&ads._fw_app_bundle=[app_bundle]&ads._fw_app_store_url=[app_store_url]&ads.appName=XumoPlay","True","200",""
"ABC WWAY 3","https://townnews.g-mana.live/media/027a05c7-43b6-49eb-ad10-a0c0f10a0754/main.m3u8","True","200",""
"ACC Digital Network","https://dbrb49pjoymg4.cloudfront.net/10001/99951364/hls/playlist.m3u8?ads.xumo_channelId=99951364&ads.xumo_streamId=99951364&ads.channelId=99951364&ads.channelName=accdigitalnetwork_us&ads.caid=ACCDigitalNetwork&ads.csid=xumo_[PLATFORM]_ACCDigitalNetwork_ssai&ads.genre=Sport,Sports,SC&ads._fw_content_genre=Sport,Sports,SC&ads._fw_coppa=0&ads.xumo_contentId=251&ads.xumo_contentName=ACCDigitalNetwork&ads.xumo_providerId=251&ads.xumo_providerName=ACCDigitalNetwork&ads._fw_ifa_type=[IFA_TYPE]&ads._fw_did=[IFA]&ads.amznappId=[AMZN_APP_ID]&ads.lat=[LAT]&ads.lon=[LON]&ads.os=[OS]&ads.osv=[OS_VERSION]&ads._fw_is_lat=[IS_LAT]&ads._fw_us_privacy=[CCPA_Value]&ads._fw_content_category=[IAB_content_category]&ads._fw_content_language=[content_language]&ads._fw_content_rating=[content_rating]&ads._fw_deviceMake=[device_make]&ads._fw_device_model=[device_model]&ads.xumo_platform=[PLATFORM]&ads.site_id=[publica_site_id]&ads.appVersion=[APP_VERSION]&ads._fw_app_bundle=[app_bundle]&ads._fw_app_store_url=[app_store_url]&ads.appName=XumoPlay","True","200",""
"Accuweather","https://accuweatherx-lg.amagi.tv/playlist.m3u8","True","206",""
"AMC Absolute Reality","https://amc-absolutereality-1-us.plex.wurl.tv/playlist.m3u8","True","206",""
"AMC Thrillers","https://d3pxo1qcgzxtxs.cloudfront.net/10005/99951377/hls/playlist.m3u8?ads.xumo_channelId=99951377&ads.channelId=99951377&ads.csid=xumo_[PLATFORM]_AMCAMCThrillers_ssai&ads._fw_is_lat=[IS_LAT]&ads._fw_us_privacy=[CCPA_Value]&ads._fw_coppa=0&ads._fw_did=[IFA_TYPE]:[IFA]&ads._fw_content_category=[IAB_content_category]&ads._fw_content_language=[content_language]&ads._fw_content_genre=[content_genre]&ads._fw_content_rating=[content_rating]&ads.xumo_contentId=4174&ads.xumo_contentName=AMCAMCThrillers&ads.xumo_providerId=4174&ads.xumo_providerName=AMCAMCThrillers&ads._fw_deviceMake=[device_make]&ads._fw_device_model=[device_model]&ads._fw_deviceType=3-Connected_TV&ads.xumo_platform=[PLATFORM]&ads.appVersion=[APP_VERSION]&ads._fw_app_bundle=[app_bundle]&ads._fw_app_store_url=[app_store_url]","True","200",""
"BBC America","https://bcovlive-a.akamaihd.net/7f5ec16d102f4b5d92e8e27bc95ff424/us-east-1/6240731308001/playlist.m3u8","True","200",""
"beIN SPORTS XTRA","https://bein-xtra-xumo.amagi.tv/hls/amagi_hls_data_beinAAAAA-bein-xtra-xumoA/CDN/master.m3u8?is_lat=[IS_LAT]&us_privacy=[CCPA_Value]","True","200",""
"BET Cinema","https://jmp2.uk/plu-58af4c093a41ca9d4ecabe96.m3u8","True","200",""
"Bloomberg TV US","https://bloomberg.com/media-manifest/streams/us.m3u8","True","206",""
"Bounce XL","https://dbrb49pjoymg4.cloudfront.net/10001/9999613/hls/playlist.m3u8?includeAssetTags=true&ads.xumo_channelId=9999613&ads._fw_ifa_type=[IFA_TYPE]&ads._fw_did=[IFA]&ads.amznappId=[AMZN_APP_ID]&ads.lat=[LAT]&ads.lon=[LON]&ads.os=[OS]&ads.osv=[OS_VERSION]&ads.asnw=&ads.caid=BounceXL&ads.csid=xumo_[PLATFORM]_BounceXL_ssai&ads._fw_is_lat=[IS_LAT]&ads._fw_us_privacy=[CCPA_Value]&ads._fw_coppa=0&ads.genre=Comedy,Entertainment,GV&ads._fw_content_category=[IAB_content_category]&ads._fw_content_language=[content_language]&ads._fw_content_genre=Comedy,Entertainment,GV&ads._fw_content_rating=[content_rating]&ads.xumo_contentId=3342&ads.xumo_contentName=BounceXL&ads.xumo_providerId=3342&ads.xumo_providerName=BounceXL&ads._fw_deviceMake=[device_make]&ads._fw_device_model=[device_model]&ads.channelId=9999613&ads.xumo_platform=[PLATFORM]&ads.site_id=[publica_site_id]&ads.appName=xumo&ads.appVersion=[APP_VERSION]&ads._fw_app_bundle=[app_bundle]&ads._fw_app_store_url=[app_store_url]","True","200",""
"Bravo Vault","https://d4whmvwm0rdvi.cloudfront.net/10007/99951242/hls/master.m3u8?ads.xumo_channelId=99951242&ads.asnw=169843&ads.afid=380682251&ads.sfid=19194677&ads.csid=xumo_[PLATFORM]_NBCUBravoVault_ssai_cro&ads._fw_is_lat=[IS_LAT]&ads._fw_us_privacy=[CCPA_Value]&ads._fw_coppa=0&ads._fw_did=[IFA]&ads._fw_vcid2=512116:[IFA]&ads._fw_app_bundle=[app_bundle]&ads._fw_app_store_url=[app_store_url]&ads._fw_content_category=[IAB_content_category]&ads._fw_content_genre=Reality,Drama,GD,Entertainment,GV,Reality-TV,Reality+Shows&ads._fw_content_language=[content_language]&ads._fw_content_rating=[content_rating]&ads._fw_deviceMake=[device_make]&ads._fw_device_model=[device_model]&ads._fw_deviceType=3-Connected_TV&ads.appVersion=[APP_VERSION]&ads.appName=XumoPlay&ads.xumo_contentId=3934&ads.xumo_contentName=NBCUBravoVault&ads.xumo_providerId=3934&ads.xumo_providerName=NBCUBravoVault&ads.channelId=99951242&ads._fw_ifa_type=[IFA_TYPE]","True","200",""
"Buzzr (1080p)","https://buzzrota-ono.amagi.tv/playlist.m3u8","True","206",""
"CBS","https://stream.ads.ottera.tv/playlist.m3u8?network_id=5529","True","200",""
"CBS News","https://cbsnews.akamaized.net/hls/live/2020607/cbsnlineup_8/master.m3u8","True","200",""
"Charge! (1080p)","https://fast-channels.sinclairstoryline.com/CHARGE/index.m3u8","True","206",""
"Cheddar News (1080p)","https://wurlcheddar.global.transmit.live/hls/689ceac9301c34d3919676f3/v1/Cheddar/samsung_us/latest/main/hls/playlist.m3u8","True","200",""
"CNN International","https://turnerlive.warnermediacdn.com/hls/live/586495/cnngo/cnn_slate/VIDEO_0_3564000.m3u8","True","200",""
"Cold Case Files by A&E","https://jmp2.uk/plu-5c37d6712de254456f7ec340.m3u8","True","200",""
"Comedy Central Pluto TV","https://jmp2.uk/plu-5ca671f215a62078d2ec0abf.m3u8","True","200",""
"Comet (1080p)","https://fast-channels.sinclairstoryline.com/COMET/index.m3u8","True","206",""
"Court TV","https://dbrb49pjoymg4.cloudfront.net/10001/99991713/hls/playlist.m3u8?ads.xumo_channelId=99991713&ads._fw_ifa_type=[IFA_TYPE]&ads._fw_did=[IFA]&ads.amznappId=[AMZN_APP_ID]&ads.lat=[LAT]&ads.lon=[LON]&ads.os=[OS]&ads.osv=[OS_VERSION]&ads.asnw=&ads.caid=ScrippsTVCourtTV&ads.csid=xumo_[PLATFORM]_ScrippsTVCourtTV_ssai&ads._fw_is_lat=[IS_LAT]&ads._fw_us_privacy=[CCPA_Value]&ads._fw_coppa=0&ads.genre=Documentary,Crime,DO,Entertainment,GV,SM&ads._fw_content_category=[IAB_content_category]&ads._fw_content_language=[content_language]&ads._fw_content_genre=Documentary,Crime,DO,Entertainment,GV,SM&ads._fw_content_rating=[content_rating]&ads.xumo_contentId=2048&ads.xumo_contentName=ScrippsTVCourtTV&ads.xumo_providerId=2048&ads.xumo_providerName=ScrippsTVCourtTV&ads._fw_deviceMake=[device_make]&ads._fw_device_model=[device_model]&ads.channelId=99991713&ads.xumo_platform=[PLATFORM]&ads.site_id=[publica_site_id]&ads.appName=xumo&ads.appVersion=[APP_VERSION]&ads._fw_app_bundle=[app_bundle]&ads._fw_app_store_url=[app_store_url]","True","200",""
"Create","https://create.lls.pbs.org/index.m3u8","True","206",""
"Dance Moms by Lifetime","https://dbrb49pjoymg4.cloudfront.net/10001/99951488/hls/playlist.m3u8?ads.xumo_channelId=99951488&ads.xumo_streamId=99951488&ads.channelId=99951488&ads.channelName=AEDanceMoms_us&ads.caid=AEDanceMoms&ads.csid=xumo_[PLATFORM]_AEDanceMoms_ssai&ads._fw_coppa=0&ads.xumo_contentId=4328&ads.xumo_contentName=AEDanceMoms&ads.xumo_providerId=4328&ads.xumo_providerName=AEDanceMoms&ads._fw_ifa_type=[IFA_TYPE]&ads._fw_did=[IFA]&ads.amznappId=[AMZN_APP_ID]&ads.lat=[LAT]&ads.lon=[LON]&ads.os=[OS]&ads.osv=[OS_VERSION]&ads._fw_is_lat=[IS_LAT]&ads._fw_us_privacy=[CCPA_Value]&ads.genre=Reality,Drama,GD,Entertainment,GV,Reality-TV,Reality+Shows&ads._fw_content_category=[IAB_content_category]&ads._fw_content_language=[content_language]&ads._fw_content_genre=Reality,Drama,GD,Entertainment,GV,Reality-TV,Reality+Shows&ads._fw_content_rating=[content_rating]&ads._fw_deviceMake=[device_make]&ads._fw_device_model=[device_model]&ads.xumo_platform=[PLATFORM]&ads.site_id=[publica_site_id]&ads.appVersion=[APP_VERSION]&ads._fw_app_bundle=[app_bundle]&ads._fw_app_store_url=[app_store_url]&ads.appName=XumoPlay","True","200",""
"Discovery Turbo TV","https://dbrb49pjoymg4.cloudfront.net/10001/99951438/hls/playlist.m3u8?ads.xumo_channelId=99951438&ads._fw_ifa_type=[IFA_TYPE]&ads._fw_did=[IFA]&ads.amznappId=[AMZN_APP_ID]&ads.lat=[LAT]&ads.lon=[LON]&ads.os=[OS]&ads.osv=[OS_VERSION]&ads.asnw=&ads.caid=WBDMotorTrendFASTTV&ads.csid=xumo_[PLATFORM]_WBDMotorTrendFASTTV_ssai&ads._fw_is_lat=[IS_LAT]&ads._fw_us_privacy=[CCPA_Value]&ads._fw_coppa=0&ads.genre=[CONTENT_IMDB_GENRE]&ads._fw_content_category=[IAB_content_category]&ads._fw_content_language=[content_language]&ads._fw_content_genre=[content_genre]&ads._fw_content_rating=[content_rating]&ads.xumo_contentId=4240&ads.xumo_contentName=WBDMotorTrendFASTTV&ads.xumo_providerId=4240&ads.xumo_providerName=WBDMotorTrendFASTTV&ads._fw_deviceMake=[device_make]&ads._fw_device_model=[device_model]&ads.channelId=99951438&ads.xumo_platform=[PLATFORM]&ads.site_id=[publica_site_id]&ads.appName=xumo&ads.appVersion=[APP_VERSION]&ads._fw_app_bundle=[app_bundle]&ads._fw_app_store_url=[app_store_url]","True","200",""
"E! Keeping Up (1080p)","https://xumo-xumoent-vc-117-a3ga4.fast.nbcuni.com/live/master.m3u8","True","206",""
"Estrella TV (US)","https://cdn-uw2-prod.tsv2.amagi.tv/linear/amg00567-estrellamedia-estrellatv-lgus/playlist.m3u8","True","200",""
"FOX LOCAL Austin","https://dbrb49pjoymg4.cloudfront.net/10001/99951430/hls/playlist.m3u8?ads.xumo_channelId=99951430&ads._fw_ifa_type=[IFA_TYPE]&ads._fw_did=[IFA]&ads.amznappId=[AMZN_APP_ID]&ads.lat=[LAT]&ads.lon=[LON]&ads.os=[OS]&ads.osv=[OS_VERSION]&ads.asnw=&ads.caid=FoxAustin&ads.csid=xumo_[PLATFORM]_FoxAustin_ssai&ads._fw_is_lat=[IS_LAT]&ads._fw_us_privacy=[CCPA_Value]&ads._fw_coppa=0&ads.genre=News,N,DN,Weather,Local,LocalNews,News-Local&ads._fw_content_category=[IAB_content_category]&ads._fw_content_language=[content_language]&ads._fw_content_genre=News,N,DN,Weather,Local,LocalNews,News-Local&ads._fw_content_rating=[content_rating]&ads.xumo_contentId=4165&ads.xumo_contentName=FoxAustin&ads.xumo_providerId=4165&ads.xumo_providerName=FoxAustin&ads._fw_deviceMake=[device_make]&ads._fw_device_model=[device_model]&ads.channelId=99951430&ads.xumo_platform=[PLATFORM]&ads.site_id=[publica_site_id]&ads.appName=xumo&ads.appVersion=[APP_VERSION]&ads._fw_app_bundle=[app_bundle]&ads._fw_app_store_url=[app_store_url]","True","200",""
"FOX Sports","https://dbrb49pjoymg4.cloudfront.net/10001/99991196/hls/xumo.m3u8?includeAssetTags=true&ads.xumo_channelId=99991196&ads._fw_ifa_type=[IFA_TYPE]&ads._fw_did=[IFA]&ads.amznappId=[AMZN_APP_ID]&ads.lat=[LAT]&ads.lon=[LON]&ads.os=[OS]&ads.osv=[OS_VERSION]&ads.asnw=&ads.caid=FoxSports&ads.csid=xumo_[PLATFORM]_FoxSports_ssai&ads._fw_is_lat=[IS_LAT]&ads._fw_us_privacy=[CCPA_Value]&ads._fw_coppa=0&ads.genre=[CONTENT_IMDB_GENRE]&ads._fw_content_category=[IAB_content_category]&ads._fw_content_language=[content_language]&ads._fw_content_genre=[content_genre]&ads._fw_content_rating=[content_rating]&ads.xumo_contentId=142&ads.xumo_contentName=FoxSports&ads.xumo_providerId=142&ads.xumo_providerName=FoxSports&ads._fw_deviceMake=[device_make]&ads._fw_device_model=[device_model]&ads.channelId=99991196&ads.xumo_platform=[PLATFORM]&ads.site_id=[publica_site_id]&ads.appName=xumo&ads.appVersion=[APP_VERSION]&ads._fw_app_bundle=[app_bundle]&ads._fw_app_store_url=[app_store_url]","True","200",""
"Fox Weather","https://dbrb49pjoymg4.cloudfront.net/10001/99991694/hls/playlist.m3u8?ads.xumo_channelId=99991694&ads._fw_ifa_type=[IFA_TYPE]&ads._fw_did=[IFA]&ads.amznappId=[AMZN_APP_ID]&ads.lat=[LAT]&ads.lon=[LON]&ads.os=[OS]&ads.osv=[OS_VERSION]&ads.asnw=516429&ads.afid=436342382&ads.caid=FoxWeather&ads.csid=xumo_[PLATFORM]_FoxWeather_ssai&ads._fw_is_lat=[IS_LAT]&ads._fw_us_privacy=[CCPA_Value]&ads._fw_coppa=0&ads.genre=News,N,DN,Weather,Local,LocalNews,News-Local&ads._fw_content_category=[IAB_content_category]&ads._fw_content_language=[content_language]&ads._fw_content_genre=News,N,DN,Weather,Local,LocalNews,News-Local&ads._fw_content_rating=[content_rating]&ads.xumo_contentId=3440&ads.xumo_contentName=FoxWeather&ads.xumo_providerId=3440&ads.xumo_providerName=FoxWeather&ads._fw_deviceMake=[device_make]&ads._fw_device_model=[device_model]&ads.channelId=99991694&ads.xumo_platform=[PLATFORM]&ads.site_id=[publica_site_id]&ads.appName=xumo&ads.appVersion=[APP_VERSION]&ads._fw_app_bundle=[app_bundle]&ads._fw_app_store_url=[app_store_url]","True","200",""
"Game Show Central (720p)","https://jmp2.uk/plu-5e54187aae660e00093561d6.m3u8","True","200",""
"Grit Xtra","https://dbrb49pjoymg4.cloudfront.net/10001/99951152/hls/playlist.m3u8?ads.xumo_channelId=99951152&ads._fw_ifa_type=[IFA_TYPE]&ads._fw_did=[IFA]&ads.amznappId=[AMZN_APP_ID]&ads.lat=[LAT]&ads.lon=[LON]&ads.os=[OS]&ads.osv=[OS_VERSION]&ads.asnw=&ads.caid=ScrippsGritXtra&ads.csid=xumo_[PLATFORM]_ScrippsGritXtra_ssai&ads._fw_is_lat=[IS_LAT]&ads._fw_us_privacy=[CCPA_Value]&ads._fw_coppa=0&ads.genre=Western,EW,Entertainment,GV,Drama,GD,Movie,Movies,FF&ads._fw_content_category=[IAB_content_category]&ads._fw_content_language=[content_language]&ads._fw_content_genre=Western,EW,Entertainment,GV,Drama,GD,Movie,Movies,FF&ads._fw_content_rating=[content_rating]&ads.xumo_contentId=3807&ads.xumo_contentName=ScrippsGritXtra&ads.xumo_providerId=3807&ads.xumo_providerName=ScrippsGritXtra&ads._fw_deviceMake=[device_make]&ads._fw_device_model=[device_model]&ads.channelId=99951152&ads.xumo_platform=[PLATFORM]&ads.site_id=[publica_site_id]&ads.appName=xumo&ads.appVersion=[APP_VERSION]&ads._fw_app_bundle=[app_bundle]&ads._fw_app_store_url=[app_store_url]","True","200",""
"Hallmark Movies & More","https://dbrb49pjoymg4.cloudfront.net/10001/99991709/hls/master.m3u8?includeAssetTags=true&ads.xumo_channelId=99991709&ads._fw_ifa_type=[IFA_TYPE]&ads._fw_did=[IFA]&ads.amznappId=[AMZN_APP_ID]&ads.lat=[LAT]&ads.lon=[LON]&ads.os=[OS]&ads.osv=[OS_VERSION]&ads.asnw=&ads.caid=CrownMediaHallmarkMoviesNew&ads.csid=xumo_[PLATFORM]_CrownMediaHallmarkMoviesNew_ssai&ads._fw_is_lat=[IS_LAT]&ads._fw_us_privacy=[CCPA_Value]&ads._fw_coppa=0&ads.genre=Movie,Movies,Romance,FF,Entertainment,GV,Drama,GD&ads._fw_content_category=[IAB_content_category]&ads._fw_content_language=[content_language]&ads._fw_content_genre=Movie,Movies,Romance,FF,Entertainment,GV,Drama,GD&ads._fw_content_rating=[content_rating]&ads.xumo_contentId=2777&ads.xumo_contentName=CrownMediaHallmarkMoviesNew&ads.xumo_providerId=2777&ads.xumo_providerName=CrownMediaHallmarkMoviesNew&ads._fw_deviceMake=[device_make]&ads._fw_device_model=[device_model]&ads.channelId=99991709&ads.xumo_platform=[PLATFORM]&ads.site_id=[publica_site_id]&ads.appName=xumo&ads.appVersion=[APP_VERSION]&ads._fw_app_bundle=[app_bundle]&ads._fw_app_store_url=[app_store_url]","True","200",""
"HBO Boxing","https://dbrb49pjoymg4.cloudfront.net/10001/99951469/hls/playlist.m3u8?ads.xumo_channelId=99951469&ads.xumo_streamId=99951469&ads.channelId=99951469&ads.channelName=WBDHBOBoxing_us&ads.caid=WBDHBOBoxing&ads.csid=xumo_[PLATFORM]_WBDHBOBoxing_ssai&ads._fw_coppa=0&ads.xumo_contentId=4315&ads.xumo_contentName=WBDHBOBoxing&ads.xumo_providerId=4315&ads.xumo_providerName=WBDHBOBoxing&ads._fw_ifa_type=[IFA_TYPE]&ads._fw_did=[IFA]&ads.amznappId=[AMZN_APP_ID]&ads.lat=[LAT]&ads.lon=[LON]&ads.os=[OS]&ads.osv=[OS_VERSION]&ads._fw_is_lat=[IS_LAT]&ads._fw_us_privacy=[CCPA_Value]&ads.genre=[CONTENT_IMDB_GENRE]&ads._fw_content_category=[IAB_content_category]&ads._fw_content_language=[content_language]&ads._fw_content_genre=[content_genre]&ads._fw_content_rating=[content_rating]&ads._fw_deviceMake=[device_make]&ads._fw_device_model=[device_model]&ads.xumo_platform=[PLATFORM]&ads.site_id=[publica_site_id]&ads.appVersion=[APP_VERSION]&ads._fw_app_bundle=[app_bundle]&ads._fw_app_store_url=[app_store_url]&ads.appName=XumoPlay","True","200",""
"Hoarders by A&E","https://d1klo92zvoj2of.cloudfront.net/v1/aenetworks_hoarders_1/samsungheadend_us/latest/main/hls/playlist.m3u8","True","206",""
"ION","https://dbrb49pjoymg4.cloudfront.net/10001/99951158/hls/playlist.m3u8?ads.xumo_channelId=99951158&ads._fw_ifa_type=[IFA_TYPE]&ads._fw_did=[IFA]&ads.amznappId=[AMZN_APP_ID]&ads.lat=[LAT]&ads.lon=[LON]&ads.os=[OS]&ads.osv=[OS_VERSION]&ads.asnw=&ads.caid=ScrippsION&ads.csid=xumo_[PLATFORM]_ScrippsION_ssai&ads._fw_is_lat=[IS_LAT]&ads._fw_us_privacy=[CCPA_Value]&ads._fw_coppa=0&ads.genre=Action,Drama,GD,GV,Entertainment&ads._fw_content_category=[IAB_content_category]&ads._fw_content_language=[content_language]&ads._fw_content_genre=Action,Drama,GD,GV,Entertainment&ads._fw_content_rating=[content_rating]&ads.xumo_contentId=3766&ads.xumo_contentName=ScrippsION&ads.xumo_providerId=3766&ads.xumo_providerName=ScrippsION&ads._fw_deviceMake=[device_make]&ads._fw_device_model=[device_model]&ads.channelId=99951158&ads.xumo_platform=[PLATFORM]&ads.site_id=[publica_site_id]&ads.appName=xumo&ads.appVersion=[APP_VERSION]&ads._fw_app_bundle=[app_bundle]&ads._fw_app_store_url=[app_store_url]","True","200",""
"ION Mystery","https://dbrb49pjoymg4.cloudfront.net/10001/99951157/hls/playlist.m3u8?ads.xumo_channelId=99951157&ads._fw_ifa_type=[IFA_TYPE]&ads._fw_did=[IFA]&ads.amznappId=[AMZN_APP_ID]&ads.lat=[LAT]&ads.lon=[LON]&ads.os=[OS]&ads.osv=[OS_VERSION]&ads.asnw=&ads.caid=ScrippsIONMystery&ads.csid=xumo_[PLATFORM]_ScrippsIONMystery_ssai&ads._fw_is_lat=[IS_LAT]&ads._fw_us_privacy=[CCPA_Value]&ads._fw_coppa=0&ads.genre=Drama,Crime,GD,Entertainment,GV,SM&ads._fw_content_category=[IAB_content_category]&ads._fw_content_language=[content_language]&ads._fw_content_genre=Drama,Crime,GD,Entertainment,GV,SM&ads._fw_content_rating=[content_rating]&ads.xumo_contentId=3803&ads.xumo_contentName=ScrippsIONMystery&ads.xumo_providerId=3803&ads.xumo_providerName=ScrippsIONMystery&ads._fw_deviceMake=[device_make]&ads._fw_device_model=[device_model]&ads.channelId=99951157&ads.xumo_platform=[PLATFORM]&ads.site_id=[publica_site_id]&ads.appName=xumo&ads.appVersion=[APP_VERSION]&ads._fw_app_bundle=[app_bundle]&ads._fw_app_store_url=[app_store_url]","True","200",""
"ION Plus","https://dbrb49pjoymg4.cloudfront.net/10001/9999614/hls/playlist.m3u8?ads.xumo_channelId=9999614&ads._fw_ifa_type=[IFA_TYPE]&ads._fw_did=[IFA]&ads.amznappId=[AMZN_APP_ID]&ads.lat=[LAT]&ads.lon=[LON]&ads.os=[OS]&ads.osv=[OS_VERSION]&ads.asnw=&ads.caid=IONPlus&ads.csid=xumo_[PLATFORM]_IONPlus_ssai&ads._fw_is_lat=[IS_LAT]&ads._fw_us_privacy=[CCPA_Value]&ads._fw_coppa=0&ads.genre=Action,Drama,GD,GV,Entertainment&ads._fw_content_category=[IAB_content_category]&ads._fw_content_language=[content_language]&ads._fw_content_genre=Action,Drama,GD,GV,Entertainment&ads._fw_content_rating=[content_rating]&ads.xumo_contentId=3439&ads.xumo_contentName=IONPlus&ads.xumo_providerId=3439&ads.xumo_providerName=IONPlus&ads._fw_deviceMake=[device_make]&ads._fw_device_model=[device_model]&ads.channelId=9999614&ads.xumo_platform=[PLATFORM]&ads.site_id=[publica_site_id]&ads.appName=xumo&ads.appVersion=[APP_VERSION]&ads._fw_app_bundle=[app_bundle]&ads._fw_app_store_url=[app_store_url]","True","200",""
"Laff More","https://dbrb49pjoymg4.cloudfront.net/10001/99951232/hls/playlist.m3u8?ads.xumo_channelId=99951232&ads._fw_ifa_type=[IFA_TYPE]&ads._fw_did=[IFA]&ads.amznappId=[AMZN_APP_ID]&ads.lat=[LAT]&ads.lon=[LON]&ads.os=[OS]&ads.osv=[OS_VERSION]&ads.asnw=&ads.caid=ScrippsLaffMore&ads.csid=xumo_[PLATFORM]_ScrippsLaffMore_ssai&ads._fw_is_lat=[IS_LAT]&ads._fw_us_privacy=[CCPA_Value]&ads._fw_coppa=0&ads.genre=[CONTENT_IMDB_GENRE]&ads._fw_content_category=[IAB_content_category]&ads._fw_content_language=[content_language]&ads._fw_content_genre=[content_genre]&ads._fw_content_rating=[content_rating]&ads.xumo_contentId=3924&ads.xumo_contentName=ScrippsLaffMore&ads.xumo_providerId=3924&ads.xumo_providerName=ScrippsLaffMore&ads._fw_deviceMake=[device_make]&ads._fw_device_model=[device_model]&ads.channelId=99951232&ads.xumo_platform=[PLATFORM]&ads.site_id=[publica_site_id]&ads.appName=xumo&ads.appVersion=[APP_VERSION]&ads._fw_app_bundle=[app_bundle]&ads._fw_app_store_url=[app_store_url]","True","200",""
"Lifetime Movie Favorites","https://jmp2.uk/plu-63335b193583440007c859fb.m3u8","True","200",""
"Lifetime Movies Love & Drama","https://d1s7megtamek6r.cloudfront.net/Lifetime_Love_and_Drama.m3u8","True","206",""
"LiveNOW from FOX","https://dbrb49pjoymg4.cloudfront.net/10001/99991635/hls/playlist.m3u8?ads.xumo_channelId=99991635&ads._fw_ifa_type=[IFA_TYPE]&ads._fw_did=[IFA]&ads.amznappId=[AMZN_APP_ID]&ads.lat=[LAT]&ads.lon=[LON]&ads.os=[OS]&ads.osv=[OS_VERSION]&ads.asnw=&ads.caid=FoxNewsNow&ads.csid=xumo_[PLATFORM]_FoxNewsNow_ssai&ads._fw_is_lat=[IS_LAT]&ads._fw_us_privacy=[CCPA_Value]&ads._fw_coppa=0&ads.genre=News,N,DN,Local,LocalNews,News-Local&ads._fw_content_category=[IAB_content_category]&ads._fw_content_language=[content_language]&ads._fw_content_genre=News,N,DN,Local,LocalNews,News-Local&ads._fw_content_rating=[content_rating]&ads.xumo_contentId=2662&ads.xumo_contentName=FoxNewsNow&ads.xumo_providerId=2662&ads.xumo_providerName=FoxNewsNow&ads._fw_deviceMake=[device_make]&ads._fw_device_model=[device_model]&ads.channelId=99991635&ads.xumo_platform=[PLATFORM]&ads.site_id=[publica_site_id]&ads.appName=xumo&ads.appVersion=[APP_VERSION]&ads._fw_app_bundle=[app_bundle]&ads._fw_app_store_url=[app_store_url]","True","200",""
"Movies! (480p)","https://bozztv.com/dvrfl03/hdirect/hdirect-ovair1-movies!/index.m3u8","True","200",""
"MovieSphere (1080p)","https://amg00353-lionsgatestudio-moviesphere-xumo-zh5u0.amagi.tv/playlist.m3u8","True","206",""
"MTV en español","https://jmp2.uk/plu-5cf96d351652631e36d4331f.m3u8","True","200",""
"MTV Pluto TV","https://jmp2.uk/plu-5ca672f515a62078d2ec0ad2.m3u8","True","200",""
"NBC News NOW","https://d1bl6tskrpq9ze.cloudfront.net/hls/master.m3u8?ads.xumo_channelId=99984003","True","200",""
"Newsmax TV","https://nmx1ota.akamaized.net/hls/live/2107010/Live_1/index.m3u8","True","200",""
"Newsmax2","https://dbrb49pjoymg4.cloudfront.net/10001/99991194/hls/index.m3u8?ads.xumo_channelId=99991194&ads._fw_ifa_type=[IFA_TYPE]&ads._fw_did=[IFA]&ads.amznappId=[AMZN_APP_ID]&ads.lat=[LAT]&ads.lon=[LON]&ads.os=[OS]&ads.osv=[OS_VERSION]&ads.asnw=&ads.caid=Newsmax&ads.csid=xumo_[PLATFORM]_Newsmax_ssai&ads._fw_is_lat=[IS_LAT]&ads._fw_us_privacy=[CCPA_Value]&ads._fw_coppa=0&ads.genre=News,N,DN,Local,LocalNews,News-Local&ads._fw_content_category=[IAB_content_category]&ads._fw_content_language=[content_language]&ads._fw_content_genre=News,N,DN,Local,LocalNews,News-Local&ads._fw_content_rating=[content_rating]&ads.xumo_contentId=141&ads.xumo_contentName=Newsmax&ads.xumo_providerId=141&ads.xumo_providerName=Newsmax&ads._fw_deviceMake=[device_make]&ads._fw_device_model=[device_model]&ads.channelId=99991194&ads.xumo_platform=[PLATFORM]&ads.site_id=[publica_site_id]&ads.appName=xumo&ads.appVersion=[APP_VERSION]&ads._fw_app_bundle=[app_bundle]&ads._fw_app_store_url=[app_store_url]","True","200",""
"NFL Channel","https://c300.play.lura.app/play/v1/live/ZHx8AbT0xVvm1el0epd7vw/master.m3u8?ts=1668459044045&app=Mp8DA1vKVAoO4yHJ0QFZ3w&exp=2299179044&auth=8HJTwR6prnzFjGE2Ki_8pfvwxMRvWtSwRm3R54TN3_w&PlatformChild=[PLATFORM_CHILD]&usprivacy=[CCPA_Value]&coppa=0&autoplay=auto&videomute=0&encoder=DC1-XUMO&fwDid=[IFA]&tmsid=121705&palnonce=&rdid=[IFA]&islat=[IS_LAT]&atts=&attmas=&idfv=&screenw=1920&screenh=1080&title=[content_title]","True","200",""
"OAN Plus","https://dbrb49pjoymg4.cloudfront.net/10001/99951404/hls/playlist.m3u8?ads.xumo_channelId=99951404&ads._fw_ifa_type=[IFA_TYPE]&ads._fw_did=[IFA]&ads.amznappId=[AMZN_APP_ID]&ads.lat=[LAT]&ads.lon=[LON]&ads.os=[OS]&ads.osv=[OS_VERSION]&ads.asnw=&ads.caid=HerringNetworksOANPlus&ads.csid=xumo_[PLATFORM]_HerringNetworksOANPlus_ssai&ads._fw_is_lat=[IS_LAT]&ads._fw_us_privacy=[CCPA_Value]&ads._fw_coppa=0&ads.genre=News,N,DN,Local,LocalNews,News-Local&ads._fw_content_category=[IAB_content_category]&ads._fw_content_language=[content_language]&ads._fw_content_genre=News,N,DN,Local,LocalNews,News-Local&ads._fw_content_rating=[content_rating]&ads.xumo_contentId=4216&ads.xumo_contentName=HerringNetworksOANPlus&ads.xumo_providerId=4216&ads.xumo_providerName=HerringNetworksOANPlus&ads._fw_deviceMake=[device_make]&ads._fw_device_model=[device_model]&ads.channelId=99951404&ads.xumo_platform=[PLATFORM]&ads.site_id=[publica_site_id]&ads.appName=xumo&ads.appVersion=[APP_VERSION]&ads._fw_app_bundle=[app_bundle]&ads._fw_app_store_url=[app_store_url]","True","200",""
"Oxygen True Crime Archives","https://d4whmvwm0rdvi.cloudfront.net/10007/99951466/hls/master.m3u8?ads.xumo_channelId=99951466&ads.asnw=535279&ads.afid=440665815&ads.sfid=23858601&ads.csid=xumo_[PLATFORM]_versantoxygentruecrimearchives_ssai_cro&ads._fw_is_lat=[IS_LAT]&ads._fw_us_privacy=[CCPA_Value]&ads._fw_coppa=0&ads._fw_did=[IFA]&ads._fw_vcid2=512116:[IFA]&ads._fw_app_bundle=[app_bundle]&ads._fw_app_store_url=[app_store_url]&ads._fw_content_category=[IAB_content_category]&ads._fw_content_genre=Documentary,Crime,DO,Entertainment,GV,SM&ads._fw_content_language=[content_language]&ads._fw_content_rating=[content_rating]&ads._fw_deviceMake=[device_make]&ads._fw_device_model=[device_model]&ads._fw_deviceType=3-Connected_TV&ads.appVersion=[APP_VERSION]&ads.appName=xumoplay&ads.xumo_contentId=4300&ads.xumo_contentName=VersantOxygenTrueCrime&ads.xumo_providerId=4300&ads.xumo_providerName=VersantOxygenTrueCrime&ads.channelId=99951466&ads._fw_ifa_type=[IFA_TYPE]","True","200",""
"PBS Nature","https://d2irko5f9gt1c5.cloudfront.net/10008/99951195/hls/playlist.m3u8?ads.xumo_channelId=99951195&ads.csid=xumo_[PLATFORM]_PBSNature_ssai&ads._fw_app_bundle=[app_bundle]&ads.ifa_type=[IFA_TYPE]&ads.did=[IFA]&ads._fw_is_lat=[IS_LAT]&ads._fw_us_privacy=[CCPA_Value]&ads._fw_coppa=0&ads._fw_app_store_url=[app_store_url]&ads._fw_content_category=[IAB_content_category]&ads.xumo_contentName=PBSNature&ads.xumo_providerName=[PROVIDER_NAME]&ads._fw_content_language=[content_language]&ads.assetId=[ASSET_ID]&ads._fw_content_genre=[content_genre]&ads.xumo_providerId=[PROVIDER_ID]&ads._fw_content_rating=[content_rating]&ads.channelId=99951195&ads.xumo_platform=[PLATFORM]&ads.site_id=22453","True","200",""
"Scripps News","https://dbrb49pjoymg4.cloudfront.net/10001/99991148/hls/playlist.m3u8?ads.xumo_channelId=99991148&ads._fw_ifa_type=[IFA_TYPE]&ads._fw_did=[IFA]&ads.amznappId=[AMZN_APP_ID]&ads.lat=[LAT]&ads.lon=[LON]&ads.os=[OS]&ads.osv=[OS_VERSION]&ads.asnw=&ads.caid=Newsy&ads.csid=xumo_[PLATFORM]_Newsy_ssai&ads._fw_is_lat=[IS_LAT]&ads._fw_us_privacy=[CCPA_Value]&ads._fw_coppa=0&ads.genre=News,N,DN,Local,LocalNews,News-Local&ads._fw_content_category=[IAB_content_category]&ads._fw_content_language=[content_language]&ads._fw_content_genre=News,N,DN,Local,LocalNews,News-Local&ads._fw_content_rating=[content_rating]&ads.xumo_contentId=41&ads.xumo_contentName=Newsy&ads.xumo_providerId=41&ads.xumo_providerName=Newsy&ads._fw_deviceMake=[device_make]&ads._fw_device_model=[device_model]&ads.channelId=99991148&ads.xumo_platform=[PLATFORM]&ads.site_id=[publica_site_id]&ads.appName=xumo&ads.appVersion=[APP_VERSION]&ads._fw_app_bundle=[app_bundle]&ads._fw_app_store_url=[app_store_url]","True","200",""
"Stories by AMC","https://d3pxo1qcgzxtxs.cloudfront.net/10005/99991622/hls/playlist.m3u8?ads.xumo_channelId=99991622&ads.channelId=99991622&ads.csid=xumo_[PLATFORM]_storiesbyamc_ssai&ads._fw_is_lat=[IS_LAT]&ads._fw_us_privacy=[CCPA_Value]&ads._fw_coppa=0&ads._fw_ifa_type=[IFA_TYPE]&ads._fw_did=[IFA]&ads._fw_content_category=[IAB_content_category]&ads._fw_content_language=[content_language]&ads._fw_content_genre=Action,Drama,GD,GV,Entertainment&ads._fw_content_rating=[content_rating]&ads.xumo_contentId=2656&ads.xumo_contentName=storiesbyamc&ads.xumo_providerId=2656&ads.xumo_providerName=storiesbyamc&ads._fw_deviceMake=[device_make]&ads._fw_device_model=[device_model]&ads._fw_deviceType=3-Connected_TV&ads.xumo_platform=[PLATFORM]&ads.appVersion=[APP_VERSION]&ads._fw_app_bundle=[app_bundle]&ads._fw_app_store_url=[app_store_url]","True","200",""
"Telemundo Acción","https://d4whmvwm0rdvi.cloudfront.net/10007/99991748/hls/master.m3u8?ads.xumo_channelId=99991748&ads.asnw=169843&ads.afid=137391198&ads.sfid=16926452&ads.csid=xumo_[PLATFORM]_TelemundoEpisodic_ssai_cro&ads._fw_is_lat=[IS_LAT]&ads._fw_us_privacy=[CCPA_Value]&ads._fw_coppa=0&ads._fw_did=[IFA]&ads._fw_vcid2=512116:[IFA]&ads._fw_app_bundle=[app_bundle]&ads._fw_app_store_url=[app_store_url]&ads._fw_content_category=[IAB_content_category]&ads._fw_content_genre=[content_genre]&ads._fw_content_language=es&ads._fw_content_rating=[content_rating]&ads._fw_deviceMake=[device_make]&ads._fw_device_model=[device_model]&ads._fw_deviceType=3-Connected_TV&ads.appVersion=[APP_VERSION]&ads.appName=XumoPlay&ads.xumo_contentId=2560&ads.xumo_contentName=TelemundoEpisodic&ads.xumo_providerId=2560&ads.xumo_providerName=TelemundoEpisodic&ads.channelId=99991748&ads._fw_ifa_type=[IFA_TYPE]","True","200",""
"Tennis Plus","https://amg01935-amg01935c1-amgplt0020.playout.now3.amagi.tv/playlist/amg01935-amg01935c1-amgplt0020/playlist.m3u8","True","200",""
"The Country Network (US) Geo","https://amg00600-tcn-amg00600c1-lg-us-929.playouts.now.amagi.tv/playlist/amg00600-thecountrynetworkfast-thecountrynetwork-lgus/playlist.m3u8","True","200",""
"The NBA Channel","https://dbrb49pjoymg4.cloudfront.net/10001/99951383/hls/playlist.m3u8?ads.xumo_channelId=99951383&ads._fw_ifa_type=[IFA_TYPE]&ads._fw_did=[IFA]&ads.amznappId=[AMZN_APP_ID]&ads.lat=[LAT]&ads.lon=[LON]&ads.os=[OS]&ads.osv=[OS_VERSION]&ads.asnw=&ads.caid=NBAFASTChannel&ads.csid=xumo_[PLATFORM]_NBAFASTChannel_ssai&ads._fw_is_lat=[IS_LAT]&ads._fw_us_privacy=[CCPA_Value]&ads._fw_coppa=0&ads.genre=[CONTENT_IMDB_GENRE]&ads._fw_content_category=[IAB_content_category]&ads._fw_content_language=[content_language]&ads._fw_content_genre=[content_genre]&ads._fw_content_rating=[content_rating]&ads.xumo_contentId=4185&ads.xumo_contentName=NBAFASTChannel&ads.xumo_providerId=4185&ads.xumo_providerName=NBAFASTChannel&ads._fw_deviceMake=[device_make]&ads._fw_device_model=[device_model]&ads.channelId=99951383&ads.xumo_platform=[PLATFORM]&ads.site_id=[publica_site_id]&ads.appName=xumo&ads.appVersion=[APP_VERSION]&ads._fw_app_bundle=[app_bundle]&ads._fw_app_store_url=[app_store_url]","True","200",""
"TV Land Drama","https://jmp2.uk/plu-5d40bebc5e3d2750a2239d7e.m3u8","True","200",""
"WeatherNation","http://cfd-v4-service-channel-stitcher-use1-1.prd.pluto.tv/stitch/hls/channel/5d2cb7ac552e3773bc48982e/master.m3u8?appName=web&appVersion=unknown&clientTime=0&deviceDNT=0&deviceId=6c2d1028-30d3-11ef-9cf5-e9ddff8ff496&deviceMake=Chrome&deviceModel=web&deviceType=web&deviceVersion=unknown&includeExtendedEvents=false&serverSideAds=false&sid=dcca8395-396e-4be0-9049-564f29c5ac9b","True","200",""
"World Channel","https://world.lls.pbs.org/index.m3u8","True","206",""
